-- --------------------------------------------------------
-- 호스트:                          127.0.0.1
-- 서버 버전:                        5.7.19-log - MySQL Community Server (GPL)
-- 서버 OS:                        Win64
-- HeidiSQL 버전:                  9.5.0.5196
-- --------------------------------------------------------

/*!40101 SET @OLD_CHARACTER_SET_CLIENT=@@CHARACTER_SET_CLIENT */;
/*!40101 SET NAMES utf8 */;
/*!50503 SET NAMES utf8mb4 */;
/*!40014 SET @OLD_FOREIGN_KEY_CHECKS=@@FOREIGN_KEY_CHECKS, FOREIGN_KEY_CHECKS=0 */;
/*!40101 SET @OLD_SQL_MODE=@@SQL_MODE, SQL_MODE='NO_AUTO_VALUE_ON_ZERO' */;


-- javagreen_khv 데이터베이스 구조 내보내기
CREATE DATABASE IF NOT EXISTS `javagreen_khv` /*!40100 DEFAULT CHARACTER SET utf8 */;
USE `javagreen_khv`;

-- 테이블 javagreen_khv.custom_comp 구조 내보내기
CREATE TABLE IF NOT EXISTS `custom_comp` (
  `SEQ` int(15) NOT NULL AUTO_INCREMENT,
  `CUSTOM_ID` int(8) NOT NULL,
  `CUSTOM_NM` varchar(20) NOT NULL,
  `CUSTOM_NM_SHORT` varchar(10) NOT NULL,
  `CUSTOM_KIND_GROUP_CODE` int(1) NOT NULL DEFAULT '2' COMMENT '1 기업고객 2 개인고객',
  `CUSTOM_KIND_CD` int(3) NOT NULL,
  `CUSTOM_GRADE` char(1) NOT NULL,
  `ESTBL_DATE` date NOT NULL,
  `COMPANY_NO` varchar(15) NOT NULL,
  `OFFICE` varchar(100) DEFAULT NULL,
  `TEL_NO` varchar(12) NOT NULL,
  `HP_NO` varchar(13) DEFAULT NULL,
  `EMAIL` varchar(30) NOT NULL,
  `POST_CODE` varchar(5) DEFAULT NULL,
  `ROAD_ADDR` varchar(200) DEFAULT NULL,
  `EXTRA_ADDR` varchar(200) DEFAULT NULL,
  `DETAIL_ADDR` varchar(200) DEFAULT NULL,
  `MEMO` varchar(500) DEFAULT NULL,
  `CUSTOM_IMG_FILE_NAME` varchar(300) DEFAULT NULL,
  `CREATE_DATE` timestamp NULL DEFAULT CURRENT_TIMESTAMP,
  `CREATE_USER` varchar(10) DEFAULT NULL,
  `UPDATE_DATE` timestamp NULL DEFAULT CURRENT_TIMESTAMP,
  `UPDATE_USER` varchar(10) DEFAULT NULL,
  `DELETE_DATE` timestamp NULL DEFAULT CURRENT_TIMESTAMP,
  `DELETE_USER` varchar(10) DEFAULT NULL,
  PRIMARY KEY (`CUSTOM_ID`),
  UNIQUE KEY `SEQ` (`SEQ`),
  UNIQUE KEY `COMPANY_NO` (`COMPANY_NO`),
  KEY `FK_CUSTOM_COMP_CUSTOM_GRADE` (`CUSTOM_GRADE`),
  KEY `FK_CUSTOM_COMP_CUSTOM_KIND_CD` (`CUSTOM_KIND_CD`),
  KEY `FK_CUSTOM_COMP_CUSTOM_KIND_GRP_CD_idx` (`CUSTOM_KIND_GROUP_CODE`),
  CONSTRAINT `FK_CUSTOM_COMP_CUSTOM_GRADE` FOREIGN KEY (`CUSTOM_GRADE`) REFERENCES `custom_grade` (`GRADE_CODE`) ON DELETE CASCADE ON UPDATE CASCADE,
  CONSTRAINT `FK_CUSTOM_COMP_CUSTOM_KIND_CD` FOREIGN KEY (`CUSTOM_KIND_CD`) REFERENCES `custom_kind` (`CUSTOM_KIND_CD`) ON DELETE CASCADE ON UPDATE CASCADE,
  CONSTRAINT `FK_CUSTOM_COMP_CUSTOM_KIND_GRP_CD` FOREIGN KEY (`CUSTOM_KIND_GROUP_CODE`) REFERENCES `custom_kind` (`CUSTOM_KIND_CD`) ON DELETE CASCADE ON UPDATE CASCADE
) ENGINE=InnoDB AUTO_INCREMENT=20 DEFAULT CHARSET=utf8;

-- 테이블 데이터 javagreen_khv.custom_comp:~8 rows (대략적) 내보내기
DELETE FROM `custom_comp`;
/*!40000 ALTER TABLE `custom_comp` DISABLE KEYS */;
INSERT INTO `custom_comp` (`SEQ`, `CUSTOM_ID`, `CUSTOM_NM`, `CUSTOM_NM_SHORT`, `CUSTOM_KIND_GROUP_CODE`, `CUSTOM_KIND_CD`, `CUSTOM_GRADE`, `ESTBL_DATE`, `COMPANY_NO`, `OFFICE`, `TEL_NO`, `HP_NO`, `EMAIL`, `POST_CODE`, `ROAD_ADDR`, `EXTRA_ADDR`, `DETAIL_ADDR`, `MEMO`, `CUSTOM_IMG_FILE_NAME`, `CREATE_DATE`, `CREATE_USER`, `UPDATE_DATE`, `UPDATE_USER`, `DELETE_DATE`, `DELETE_USER`) VALUES
	(1, 10000001, 'Express물산', 'Exp물산', 2, 1, 'O', '2025-12-25', '123-81-33400', NULL, '02-001-0001', '010-0001-0001', 'exp@mulsan.com', '08200', '서울특별시 강남구 잠실동 1길 30', '', 'Express 단지 A동 10F', NULL, NULL, '2022-03-10 12:00:00', '10000001', NULL, NULL, NULL, NULL),
	(2, 10000002, '헤이물산', '헤이물산', 2, 1, 'O', '2022-09-02', '123-81-33418', NULL, '02-001-0009', '010-0009-0008', 'hey@mulsan.com', '08200', '서울특별시 송파구 3길 10', '', '헤이빌딩 6F', NULL, NULL, '2022-03-25 12:25:00', '10000002', NULL, NULL, NULL, NULL),
	(5, 10100001, '자바그린유통산업', '자바그린(유)', 2, 101, 'A', '2022-08-16', '123-81-33001', NULL, '02-001-0005', '010-0003-0005', 'info@green-distribution.co.kr', '08200', '서울특별시 구로구 경인로67나길 52', '', '그린유통 5F', NULL, NULL, '2022-05-01 10:00:00', '10100001', NULL, NULL, NULL, NULL),
	(3, 10300001, '자바그린마트', '자바그린(마)', 2, 103, 'A', '2022-08-25', '123-81-33425', NULL, '02-001-0003', '010-0003-0003', 'info@green-mart.co.kr', '08200', '서울특별시 구로구 경인로67나길 52', '', '그린마트 3F', NULL, NULL, '2022-05-20 10:31:00', '10300001', NULL, NULL, NULL, NULL),
	(18, 20200001, '테스트', 'test', 1, 202, 'O', '2022-07-06', '222-22-22222', '기타:기타:화물', '02-1234-1234', '', 'test@hotmail.com', NULL, '충북 청주시 서원구 구룡산로 24', ' (성화동, 성화호반베르디움)', '', 'test', 'noimage.jpg', '2022-07-06 11:33:18', '20200001', NULL, NULL, NULL, NULL),
	(17, 30200001, '그린트랙카위탁업체(주)', '그린트랙카위(주)', 1, 302, 'O', '2020-01-25', '889-33-34825', '기타:위탁사업부', '02-8889-8009', '', 'info@green-track-deputy.co.kr', NULL, '서울 서초구 신반포로 194', ' (반포동)', '옆 터미널빌딩 앞 그린트랙카위탁업체(주) 9F', '회원가입 테스트1!', 'noimage.jpg', '2022-06-11 13:50:49', '30200001', NULL, NULL, NULL, NULL),
	(16, 30300001, '그린케이스표준위탁업체(주)', '그린케이스표위', 1, 303, 'O', '2018-02-18', '888-34-25008', '기타:위탁전략1팀', '02-0034-1818', '010-3333-3333', 'info@green-deputy.co.kr', NULL, '', '', '', '가나다라마바사아자차카타파하1234567890!@#$%^&*()', 'C:\\fakepath\\nimo.jpg', '2022-06-07 23:26:08', '30300001', NULL, NULL, NULL, NULL),
	(19, 30300002, '(주)그린컨베이어위탁산업', '(주)그린컨베이어위', 1, 303, 'O', '1950-06-25', '111-11-11111', '기타:기타:물류1팀', '02-8888-0625', '010-1234-0625', 'moolu1@green-conveyer.co.kr', NULL, '서울 송파구 올림픽로12길 51', ' (잠실동)', '옆 하얀빌딩5F ', '기업고객회원가입 테스트', 'noimage.jpg', '2022-07-06 13:36:47', '30300002', NULL, NULL, NULL, NULL);
/*!40000 ALTER TABLE `custom_comp` ENABLE KEYS */;

-- 테이블 javagreen_khv.custom_comp_login 구조 내보내기
CREATE TABLE IF NOT EXISTS `custom_comp_login` (
  `ID` varchar(10) NOT NULL,
  `PASSWORD` varchar(200) NOT NULL,
  `CUSTOM_ID` int(8) NOT NULL,
  `CUSTOM_GRADE` char(1) NOT NULL,
  `POINT` int(9) NOT NULL DEFAULT '1000',
  `VISIT_CNT` int(9) NOT NULL DEFAULT '0',
  `TODAY_CNT` int(9) NOT NULL DEFAULT '0',
  `LOGIN_DATE` timestamp NULL DEFAULT CURRENT_TIMESTAMP,
  `LOGIN_USER` varchar(10) DEFAULT NULL,
  `LOGOUT_DATE` timestamp NULL DEFAULT CURRENT_TIMESTAMP,
  `LOGOUT_USER` varchar(10) DEFAULT NULL,
  `CREATE_DATE` timestamp NULL DEFAULT CURRENT_TIMESTAMP,
  `CREATE_USER` varchar(10) DEFAULT NULL,
  `UPDATE_DATE` timestamp NULL DEFAULT CURRENT_TIMESTAMP,
  `UPDATE_USER` varchar(10) DEFAULT NULL,
  `DELETE_DATE` timestamp NULL DEFAULT CURRENT_TIMESTAMP,
  `DELETE_USER` varchar(10) DEFAULT NULL,
  PRIMARY KEY (`ID`),
  KEY `FK_CUSTOM_COMP_LOGIN_CUSTOM_ID` (`CUSTOM_ID`),
  KEY `FK_CUSTOM_COMP_LOGIN_CUSTOM_GRADE` (`CUSTOM_GRADE`),
  CONSTRAINT `FK_CUSTOM_COMP_LOGIN_CUSTOM_GRADE` FOREIGN KEY (`CUSTOM_GRADE`) REFERENCES `custom_grade` (`GRADE_CODE`) ON DELETE CASCADE ON UPDATE CASCADE,
  CONSTRAINT `FK_CUSTOM_COMP_LOGIN_CUSTOM_ID` FOREIGN KEY (`CUSTOM_ID`) REFERENCES `custom_comp` (`CUSTOM_ID`) ON DELETE CASCADE ON UPDATE CASCADE
) ENGINE=InnoDB DEFAULT CHARSET=utf8;

-- 테이블 데이터 javagreen_khv.custom_comp_login:~8 rows (대략적) 내보내기
DELETE FROM `custom_comp_login`;
/*!40000 ALTER TABLE `custom_comp_login` DISABLE KEYS */;
INSERT INTO `custom_comp_login` (`ID`, `PASSWORD`, `CUSTOM_ID`, `CUSTOM_GRADE`, `POINT`, `VISIT_CNT`, `TODAY_CNT`, `LOGIN_DATE`, `LOGIN_USER`, `LOGOUT_DATE`, `LOGOUT_USER`, `CREATE_DATE`, `CREATE_USER`, `UPDATE_DATE`, `UPDATE_USER`, `DELETE_DATE`, `DELETE_USER`) VALUES
	('COMP000', 'e3b0c44298fc1c149afbf4c8996fb92427ae41e4649b934ca495991b7852b855', 20200001, 'O', 1000, 0, 0, NULL, NULL, NULL, NULL, '2022-07-06 11:33:18', 'COMP000', NULL, NULL, NULL, NULL),
	('COMP001', 'e3b0c44298fc1c149afbf4c8996fb92427ae41e4649b934ca495991b7852b855', 30300002, 'O', 1200, 2, 2, '2022-07-06 13:41:21', 'COMP001', '2022-07-06 14:03:27', 'COMP001', '2022-07-06 13:36:47', 'COMP001', '2022-07-06 13:45:39', 'COMP001', '2022-07-06 14:03:27', 'COMP001'),
	('COMP1', 'e3b0c44298fc1c149afbf4c8996fb92427ae41e4649b934ca495991b7852b855', 10000001, 'O', 1000, 0, 0, NULL, NULL, NULL, NULL, '2022-05-22 10:00:00', 'COMP1', NULL, NULL, NULL, NULL),
	('COMP101', 'e3b0c44298fc1c149afbf4c8996fb92427ae41e4649b934ca495991b7852b855', 10100001, 'A', 2400, 15, 1, '2022-06-05 13:08:27', 'COMP101', '2022-06-07 18:00:00', 'COMP101', '2022-05-22 10:00:00', 'COMP101', '2022-06-07 18:05:00', 'COMP101', NULL, NULL),
	('COMP103', 'e3b0c44298fc1c149afbf4c8996fb92427ae41e4649b934ca495991b7852b855', 10300001, 'A', 1800, 8, 1, '2022-07-06 15:00:30', 'COMP103', NULL, NULL, '2022-05-22 10:00:00', 'COMP103', '2022-07-06 15:00:30', 'COMP103', NULL, NULL),
	('COMP2', 'e3b0c44298fc1c149afbf4c8996fb92427ae41e4649b934ca495991b7852b855', 10000002, 'O', 1000, 0, 0, NULL, NULL, NULL, NULL, '2022-05-22 10:00:00', 'COMP2', NULL, NULL, NULL, NULL),
	('COMP302', 'e3b0c44298fc1c149afbf4c8996fb92427ae41e4649b934ca495991b7852b855', 30200001, 'O', 1200, 2, 2, '2022-06-11 13:51:03', 'COMP302', '2022-06-11 13:52:38', 'COMP302', '2022-06-11 13:50:49', 'COMP302', '2022-06-11 14:59:35', 'COMP302', NULL, NULL),
	('COMP303', 'e3b0c44298fc1c149afbf4c8996fb92427ae41e4649b934ca495991b7852b855', 30300001, 'O', 2100, 17, 1, '2022-06-11 13:40:35', 'COMP303', '2022-06-11 13:45:27', 'COMP303', '2022-06-07 23:26:08', 'COMP303', '2022-06-11 13:40:35', 'COMP303', NULL, NULL);
/*!40000 ALTER TABLE `custom_comp_login` ENABLE KEYS */;

-- 테이블 javagreen_khv.custom_grade 구조 내보내기
CREATE TABLE IF NOT EXISTS `custom_grade` (
  `GRADE_CODE` char(1) NOT NULL,
  `GRADE_NAME` varchar(20) NOT NULL,
  PRIMARY KEY (`GRADE_CODE`)
) ENGINE=InnoDB DEFAULT CHARSET=utf8;

-- 테이블 데이터 javagreen_khv.custom_grade:~8 rows (대략적) 내보내기
DELETE FROM `custom_grade`;
/*!40000 ALTER TABLE `custom_grade` DISABLE KEYS */;
INSERT INTO `custom_grade` (`GRADE_CODE`, `GRADE_NAME`) VALUES
	('A', '우수기업고객'),
	('B', '정규기업고객'),
	('C', '일반기업고객'),
	('O', '임시기업고객'),
	('P', '임시개인고객'),
	('Q', '일반개인고객'),
	('R', '정규개인고객'),
	('S', '우수개인고객');
/*!40000 ALTER TABLE `custom_grade` ENABLE KEYS */;

-- 테이블 javagreen_khv.custom_kind 구조 내보내기
CREATE TABLE IF NOT EXISTS `custom_kind` (
  `CUSTOM_KIND_CD` int(3) NOT NULL,
  `CUSTOM_KIND_NM` varchar(10) NOT NULL,
  PRIMARY KEY (`CUSTOM_KIND_CD`)
) ENGINE=InnoDB DEFAULT CHARSET=utf8;

-- 테이블 데이터 javagreen_khv.custom_kind:~22 rows (대략적) 내보내기
DELETE FROM `custom_kind`;
/*!40000 ALTER TABLE `custom_kind` DISABLE KEYS */;
INSERT INTO `custom_kind` (`CUSTOM_KIND_CD`, `CUSTOM_KIND_NM`) VALUES
	(1, '기업고객'),
	(2, '개인고객'),
	(101, '유통'),
	(102, '대형마트'),
	(103, '중형마트'),
	(104, '소형마트'),
	(105, '편의점'),
	(201, '공장'),
	(202, '택배'),
	(203, '우체국'),
	(301, '컨테이너위탁업체'),
	(302, '트랙카위탁업체'),
	(303, '표준위탁업체'),
	(501, '항공운송'),
	(502, '선박운송'),
	(503, '기차운송'),
	(505, '표준차량운송'),
	(506, '고속버스운송'),
	(507, '개별차량운송'),
	(601, '농업공급자'),
	(602, '수산업공급자'),
	(603, '축산업공급자');
/*!40000 ALTER TABLE `custom_kind` ENABLE KEYS */;

-- 테이블 javagreen_khv.custom_person 구조 내보내기
CREATE TABLE IF NOT EXISTS `custom_person` (
  `SEQ` int(15) NOT NULL AUTO_INCREMENT,
  `CUSTOM_ID` int(8) NOT NULL,
  `CUSTOM_NM` varchar(20) NOT NULL,
  `CUSTOM_KIND_GROUP_CODE` int(1) NOT NULL DEFAULT '2' COMMENT '1 기업고객 2 개인고객',
  `CUSTOM_KIND_CD` int(3) NOT NULL,
  `CUSTOM_GRADE` char(1) NOT NULL,
  `JOB` varchar(100) DEFAULT NULL,
  `HOBBY` varchar(200) DEFAULT NULL,
  `BIRTH_DATE` date NOT NULL,
  `JUMIN_NO` varchar(14) NOT NULL,
  `GENDER` char(1) DEFAULT NULL COMMENT '''M'' 남자  ''W'' 여자',
  `TEL_NO` varchar(12) DEFAULT NULL,
  `HP_NO` varchar(13) NOT NULL,
  `EMAIL` varchar(30) NOT NULL,
  `POST_CODE` varchar(5) DEFAULT NULL,
  `ROAD_ADDR` varchar(200) DEFAULT NULL,
  `EXTRA_ADDR` varchar(200) DEFAULT NULL,
  `DETAIL_ADDR` varchar(200) DEFAULT NULL,
  `MEMO` varchar(500) DEFAULT NULL,
  `CREATE_DATE` timestamp NULL DEFAULT CURRENT_TIMESTAMP,
  `CREATE_USER` varchar(10) DEFAULT NULL,
  `UPDATE_DATE` timestamp NULL DEFAULT CURRENT_TIMESTAMP,
  `UPDATE_USER` varchar(10) DEFAULT NULL,
  `DELETE_DATE` timestamp NULL DEFAULT CURRENT_TIMESTAMP,
  `DELETE_USER` varchar(10) DEFAULT NULL,
  PRIMARY KEY (`CUSTOM_ID`),
  UNIQUE KEY `SEQ` (`SEQ`),
  UNIQUE KEY `JUMIN_NO` (`JUMIN_NO`),
  KEY `FK_CUSTOM_PERSON_CUSTOM_KIND_CD` (`CUSTOM_KIND_CD`),
  KEY `FK_CUSTOM_PERSON_CUSTOM_GRADE` (`CUSTOM_GRADE`),
  KEY `FK_CUSTOM_PERSON_CUSTOM_KIND_GRP_CD_idx` (`CUSTOM_KIND_GROUP_CODE`),
  CONSTRAINT `FK_CUSTOM_PERSON_CUSTOM_GRADE` FOREIGN KEY (`CUSTOM_GRADE`) REFERENCES `custom_grade` (`GRADE_CODE`) ON DELETE CASCADE ON UPDATE CASCADE,
  CONSTRAINT `FK_CUSTOM_PERSON_CUSTOM_KIND_CD` FOREIGN KEY (`CUSTOM_KIND_CD`) REFERENCES `custom_kind` (`CUSTOM_KIND_CD`) ON DELETE CASCADE ON UPDATE CASCADE,
  CONSTRAINT `FK_CUSTOM_PERSON_CUSTOM_KIND_GRP_CD` FOREIGN KEY (`CUSTOM_KIND_GROUP_CODE`) REFERENCES `custom_kind` (`CUSTOM_KIND_CD`) ON DELETE CASCADE ON UPDATE CASCADE
) ENGINE=InnoDB AUTO_INCREMENT=13 DEFAULT CHARSET=utf8;

-- 테이블 데이터 javagreen_khv.custom_person:~8 rows (대략적) 내보내기
DELETE FROM `custom_person`;
/*!40000 ALTER TABLE `custom_person` DISABLE KEYS */;
INSERT INTO `custom_person` (`SEQ`, `CUSTOM_ID`, `CUSTOM_NM`, `CUSTOM_KIND_GROUP_CODE`, `CUSTOM_KIND_CD`, `CUSTOM_GRADE`, `JOB`, `HOBBY`, `BIRTH_DATE`, `JUMIN_NO`, `GENDER`, `TEL_NO`, `HP_NO`, `EMAIL`, `POST_CODE`, `ROAD_ADDR`, `EXTRA_ADDR`, `DETAIL_ADDR`, `MEMO`, `CREATE_DATE`, `CREATE_USER`, `UPDATE_DATE`, `UPDATE_USER`, `DELETE_DATE`, `DELETE_USER`) VALUES
	(8, 10000001, '테스트고객18', 2, 2, 'P', '기타:아르바이트18', '애완동물기르기/기타', '2000-02-01', '222222-2222222', 'W', '02-888-0018', '010-8888-0018', 'test18@chuksan.albamoncom', NULL, '', '', '', 'ㄱㄴㄷㄹ1234!@#$', '2022-06-07 23:42:28', '10000001', '2022-06-11 13:53:37', '10000001', NULL, NULL),
	(10, 10000002, '가입회원1', 2, 2, 'P', '기타:기타:아르바이트', '그림감상/조립/기타', '1998-03-01', '123456-0007890', 'M', '02-1234-1234', '010-1234-1234', 'usermail1@hotmail.com', NULL, '세종특별자치시 가름로 180', ' (어진동)', '세종빌딩 1f', '개인회원가입 테스트', '2022-07-06 12:42:40', '10000002', NULL, NULL, NULL, NULL),
	(11, 10000003, '가입회원1', 2, 2, 'P', '기타:기타:아르바이트', '그림감상/조립/기타', '1998-03-01', '123456-0007898', 'M', '', '010-1234-1234', 'usermail1@nate.com', NULL, '인천 연수구 랜드마크로 68', ' (송도동, 랜드마크시티센트럴더샵)', '', 'f', '2022-07-06 12:44:19', '10000003', NULL, NULL, NULL, NULL),
	(12, 10000004, '가입회원1', 2, 2, 'P', '기타:기타:아르바이트', '그림감상/애완동물기르기', '1998-03-01', '123456-0007888', 'M', '02-1234-1234', '010-1234-1234', 'usermail1@hotmail.com', NULL, '서울 강동구 올림픽로 546', ' (성내동)', '', '개인회원가입테스트', '2022-07-06 12:53:00', '10000004', NULL, NULL, NULL, NULL),
	(1, 60200001, '테스트고객1', 2, 602, 'P', NULL, NULL, '1978-08-08', '780808-1234567', NULL, '02-888-3331', '010-8888-8881', 'test1@mypizza.com', NULL, NULL, NULL, NULL, NULL, '2022-02-18 10:00:00', '90000001', NULL, NULL, NULL, NULL),
	(2, 60200002, '테스트고객2', 2, 602, 'P', NULL, NULL, '1980-08-12', '800812-1234567', NULL, '02-888-3333', '010-8888-8883', 'test2@hotmail.com', NULL, NULL, NULL, NULL, NULL, '2022-02-18 10:00:00', '90000002', NULL, NULL, NULL, NULL),
	(3, 60200003, '테스트고객3', 2, 602, 'P', NULL, NULL, '1980-08-11', '800811-1234561', NULL, '02-888-3332', '010-8888-8882', 'test3@naver.com', NULL, NULL, NULL, NULL, NULL, '2022-05-25 11:00:00', '90000003', NULL, NULL, NULL, NULL),
	(9, 60200004, '테스트고객8', 2, 602, 'P', '기타:아르바이트', '조립/쇼핑/여행', '2002-02-18', '333333-3333334', 'W', '02-1234-1234', '010-8888-0008', 'tester8@susan.albamon.com', NULL, '강원 양양군 손양면 수산리 25', '', '수산새빌딩', 'ABCDEFG도라지가나12345678##$@@$!!$', '2022-06-07 23:52:45', '60200004', '2022-07-06 12:06:48', '60200004', NULL, NULL);
/*!40000 ALTER TABLE `custom_person` ENABLE KEYS */;

-- 테이블 javagreen_khv.custom_person_login 구조 내보내기
CREATE TABLE IF NOT EXISTS `custom_person_login` (
  `ID` varchar(10) NOT NULL,
  `PASSWORD` varchar(200) NOT NULL,
  `CUSTOM_ID` int(8) NOT NULL,
  `CUSTOM_GRADE` char(1) NOT NULL,
  `POINT` int(9) NOT NULL DEFAULT '1000',
  `VISIT_CNT` int(9) NOT NULL DEFAULT '0',
  `TODAY_CNT` int(9) NOT NULL DEFAULT '0',
  `LOGIN_DATE` timestamp NULL DEFAULT CURRENT_TIMESTAMP,
  `LOGIN_USER` varchar(10) DEFAULT NULL,
  `LOGOUT_DATE` timestamp NULL DEFAULT CURRENT_TIMESTAMP,
  `LOGOUT_USER` varchar(10) DEFAULT NULL,
  `CREATE_DATE` timestamp NULL DEFAULT CURRENT_TIMESTAMP,
  `CREATE_USER` varchar(10) DEFAULT NULL,
  `UPDATE_DATE` timestamp NULL DEFAULT CURRENT_TIMESTAMP,
  `UPDATE_USER` varchar(10) DEFAULT NULL,
  `DELETE_DATE` timestamp NULL DEFAULT CURRENT_TIMESTAMP,
  `DELETE_USER` varchar(10) DEFAULT NULL,
  PRIMARY KEY (`ID`),
  KEY `FK_CUSTOM_PERSON_LOGIN_CUSTOM_ID` (`CUSTOM_ID`),
  KEY `FK_CUSTOM_PERSON_LOGIN_CUSTOM_GRADE` (`CUSTOM_GRADE`),
  CONSTRAINT `FK_CUSTOM_PERSON_LOGIN_CUSTOM_GRADE` FOREIGN KEY (`CUSTOM_GRADE`) REFERENCES `custom_grade` (`GRADE_CODE`) ON DELETE CASCADE ON UPDATE CASCADE,
  CONSTRAINT `FK_CUSTOM_PERSON_LOGIN_CUSTOM_ID` FOREIGN KEY (`CUSTOM_ID`) REFERENCES `custom_person` (`CUSTOM_ID`) ON DELETE CASCADE ON UPDATE CASCADE
) ENGINE=InnoDB DEFAULT CHARSET=utf8;

-- 테이블 데이터 javagreen_khv.custom_person_login:~5 rows (대략적) 내보내기
DELETE FROM `custom_person_login`;
/*!40000 ALTER TABLE `custom_person_login` DISABLE KEYS */;
INSERT INTO `custom_person_login` (`ID`, `PASSWORD`, `CUSTOM_ID`, `CUSTOM_GRADE`, `POINT`, `VISIT_CNT`, `TODAY_CNT`, `LOGIN_DATE`, `LOGIN_USER`, `LOGOUT_DATE`, `LOGOUT_USER`, `CREATE_DATE`, `CREATE_USER`, `UPDATE_DATE`, `UPDATE_USER`, `DELETE_DATE`, `DELETE_USER`) VALUES
	('USER1', 'e3b0c44298fc1c149afbf4c8996fb92427ae41e4649b934ca495991b7852b855', 10000004, 'P', 1100, 1, 1, '2022-07-06 12:53:09', 'USER1', '2022-07-06 12:59:06', 'USER1', '2022-07-06 12:53:00', 'USER1', '2022-07-06 12:53:09', 'USER1', '2022-07-06 12:59:06', 'USER1'),
	('USER18', 'e3b0c44298fc1c149afbf4c8996fb92427ae41e4649b934ca495991b7852b855', 10000001, 'P', 1600, 6, 1, '2022-06-11 13:53:02', 'USER18', '2022-06-11 13:54:10', 'USER18', '2022-06-07 23:42:28', 'USER18', '2022-06-11 13:53:02', 'USER18', NULL, NULL),
	('USER2', 'e3b0c44298fc1c149afbf4c8996fb92427ae41e4649b934ca495991b7852b855', 60200002, 'P', 1000, 0, 0, '2022-06-07 22:52:45', 'USER2', '2022-06-07 22:52:45', 'USER2', '2022-06-05 18:20:00', 'USER2', '2022-06-07 22:52:45', 'USER2', '2022-06-07 22:52:45', 'USER2'),
	('USER3', 'e3b0c44298fc1c149afbf4c8996fb92427ae41e4649b934ca495991b7852b855', 60200003, 'P', 2100, 11, 2, '2022-06-05 18:04:00', 'USER3', '2022-06-05 18:08:00', 'USER3', '2022-05-25 11:00:00', 'USER3', '2022-06-05 18:20:00', 'USER3', NULL, NULL),
	('USER8', 'e3b0c44298fc1c149afbf4c8996fb92427ae41e4649b934ca495991b7852b855', 60200004, 'P', 1900, 9, 3, '2022-07-06 11:56:26', 'USER8', '2022-07-06 12:31:25', 'USER8', '2022-06-07 23:52:45', 'USER8', '2022-07-06 12:30:54', 'USER8', NULL, NULL);
/*!40000 ALTER TABLE `custom_person_login` ENABLE KEYS */;

-- 테이블 javagreen_khv.palette_mng 구조 내보내기
CREATE TABLE IF NOT EXISTS `palette_mng` (
  `IDX` int(8) NOT NULL AUTO_INCREMENT,
  `PALETTE_AGENCY` int(8) NOT NULL,
  `PALETTE_CD` varchar(16) NOT NULL,
  `BORROW_DATE` timestamp NULL DEFAULT NULL,
  `RETURN_DATE` timestamp NULL DEFAULT NULL,
  `WH_MNG_CD` int(3) NOT NULL,
  `S_DATE` timestamp NULL DEFAULT NULL,
  `F_DATE` timestamp NULL DEFAULT NULL,
  PRIMARY KEY (`PALETTE_AGENCY`,`PALETTE_CD`),
  UNIQUE KEY `IDX` (`IDX`),
  KEY `FK_PALETTE_MNG_WH_MNG_CD` (`WH_MNG_CD`),
  CONSTRAINT `FK_PALETTE_MNG_WH_MNG_CD` FOREIGN KEY (`WH_MNG_CD`) REFERENCES `warehouse_part` (`WH_MNG_CD`) ON DELETE CASCADE ON UPDATE CASCADE
) ENGINE=InnoDB DEFAULT CHARSET=utf8;

-- 테이블 데이터 javagreen_khv.palette_mng:~0 rows (대략적) 내보내기
DELETE FROM `palette_mng`;
/*!40000 ALTER TABLE `palette_mng` DISABLE KEYS */;
/*!40000 ALTER TABLE `palette_mng` ENABLE KEYS */;

-- 테이블 javagreen_khv.palette_unit 구조 내보내기
CREATE TABLE IF NOT EXISTS `palette_unit` (
  `IDX` int(8) NOT NULL AUTO_INCREMENT,
  `PALETTE_AGENCY` int(8) NOT NULL,
  `PALETTE_CD` varchar(16) NOT NULL,
  `WIDTH` int(4) DEFAULT NULL,
  `HEIGHT` int(4) DEFAULT NULL,
  `BREADTH` int(3) DEFAULT NULL,
  `STD_UNIT` varchar(2) DEFAULT NULL,
  `HEAVY` float(2,1) DEFAULT NULL,
  `HEAVY_UNIT` varchar(2) DEFAULT NULL,
  `USES` varchar(25) DEFAULT NULL,
  `FEATURE` varchar(52) DEFAULT NULL,
  `CREATE_DATE` timestamp NULL DEFAULT NULL,
  `DELETE_DATE` timestamp NULL DEFAULT NULL,
  PRIMARY KEY (`PALETTE_AGENCY`,`PALETTE_CD`),
  UNIQUE KEY `IDX` (`IDX`),
  KEY `FK_PALETTE_UNIT_PALETTE_AGENCY` (`PALETTE_AGENCY`),
  CONSTRAINT `FK_PALETTE_UNIT_PALETTE_AGENCY` FOREIGN KEY (`PALETTE_AGENCY`) REFERENCES `custom_comp` (`CUSTOM_ID`) ON DELETE CASCADE ON UPDATE CASCADE
) ENGINE=InnoDB DEFAULT CHARSET=utf8;

-- 테이블 데이터 javagreen_khv.palette_unit:~0 rows (대략적) 내보내기
DELETE FROM `palette_unit`;
/*!40000 ALTER TABLE `palette_unit` DISABLE KEYS */;
/*!40000 ALTER TABLE `palette_unit` ENABLE KEYS */;

-- 테이블 javagreen_khv.std_unit 구조 내보내기
CREATE TABLE IF NOT EXISTS `std_unit` (
  `IDX` int(8) NOT NULL AUTO_INCREMENT,
  `STD_UNIT_CD` varchar(3) NOT NULL,
  `STD_UNIT_NM` varchar(13) NOT NULL,
  `WIDTH` int(8) DEFAULT NULL,
  `HEIGHT` int(8) DEFAULT NULL,
  `BREADTH` int(8) DEFAULT NULL,
  `BULKY` int(8) DEFAULT NULL,
  `HEAVY` int(8) DEFAULT NULL,
  `UNIT` int(8) DEFAULT NULL,
  `CREATE_DATE` timestamp NULL DEFAULT NULL,
  `DELETE_DATE` timestamp NULL DEFAULT NULL,
  PRIMARY KEY (`STD_UNIT_CD`),
  UNIQUE KEY `IDX` (`IDX`)
) ENGINE=InnoDB DEFAULT CHARSET=utf8;

-- 테이블 데이터 javagreen_khv.std_unit:~0 rows (대략적) 내보내기
DELETE FROM `std_unit`;
/*!40000 ALTER TABLE `std_unit` DISABLE KEYS */;
/*!40000 ALTER TABLE `std_unit` ENABLE KEYS */;

-- 테이블 javagreen_khv.stock_wh 구조 내보내기
CREATE TABLE IF NOT EXISTS `stock_wh` (
  `IDX` int(8) NOT NULL AUTO_INCREMENT,
  `SUPPLIER_ID` int(8) NOT NULL,
  `PRODUCT_ID` int(8) NOT NULL,
  `PRODUCT_NM` varchar(15) NOT NULL,
  `RACK_PART_CD` varchar(5) DEFAULT NULL,
  `PART_POSITION_NO` varchar(13) DEFAULT NULL,
  `STOCK_WH_CD` varchar(2) DEFAULT NULL,
  `STOCK_QTY` int(8) DEFAULT NULL,
  `INVENTORY_QTY` int(8) DEFAULT NULL,
  `STD_UNIT_CD` varchar(3) NOT NULL,
  `S_PALETTE_AGENCY` int(8) NOT NULL,
  `S_PALETTE_QTY` int(8) NOT NULL,
  `S_BOX_QTY` int(8) DEFAULT NULL,
  `WH_TRANS_CD` varchar(3) DEFAULT NULL,
  `WH_TRANS_MEMO` varchar(250) DEFAULT NULL,
  `S_STRANS_CD` varchar(4) DEFAULT NULL,
  `S_VEHICLE_NO` varchar(10) DEFAULT NULL,
  `S_VEHICLE_QTY` int(8) DEFAULT NULL,
  `S_DATE` timestamp NULL DEFAULT NULL,
  `FORWARDING_WH_CD` varchar(2) DEFAULT NULL,
  `F_PALETTE_AGENCY` int(8) DEFAULT NULL,
  `F_PALETTE_QTY` int(8) DEFAULT NULL,
  `F_BOX_QTY` int(8) DEFAULT NULL,
  `F_TRANS_CD` varchar(4) DEFAULT NULL,
  `F_VEHICLE_NO` varchar(10) DEFAULT NULL,
  `F_VEHICLE_QTY` int(8) DEFAULT NULL,
  `F_DATE` timestamp NULL DEFAULT NULL,
  PRIMARY KEY (`SUPPLIER_ID`,`PRODUCT_ID`),
  UNIQUE KEY `IDX` (`IDX`),
  UNIQUE KEY `PRODUCT_ID` (`PRODUCT_ID`),
  KEY `FK_STOCK_WH_STD_UNIT_CD` (`STD_UNIT_CD`),
  KEY `FK_STOCK_WH_S_PALETTE_AGENCY` (`S_PALETTE_AGENCY`),
  KEY `FK_STOCK_WH_F_PALETTE_AGENCY` (`F_PALETTE_AGENCY`),
  KEY `FK_STOCK_WH_S_VEHICLE_NO` (`S_VEHICLE_NO`),
  KEY `FK_STOCK_WH_F_VEHICLE_NO` (`F_VEHICLE_NO`),
  CONSTRAINT `FK_STD_UNIT_STD_UNIT_CD` FOREIGN KEY (`STD_UNIT_CD`) REFERENCES `std_unit` (`STD_UNIT_CD`) ON DELETE CASCADE ON UPDATE CASCADE,
  CONSTRAINT `FK_STOCK_WH_F_PALETTE_AGENCY` FOREIGN KEY (`F_PALETTE_AGENCY`) REFERENCES `palette_unit` (`PALETTE_AGENCY`) ON DELETE CASCADE ON UPDATE CASCADE,
  CONSTRAINT `FK_STOCK_WH_F_VEHICLE_NO` FOREIGN KEY (`F_VEHICLE_NO`) REFERENCES `vehicle_mng` (`VEHICLE_NO`) ON DELETE CASCADE ON UPDATE CASCADE,
  CONSTRAINT `FK_STOCK_WH_S_PALETTE_AGENCY` FOREIGN KEY (`S_PALETTE_AGENCY`) REFERENCES `palette_unit` (`PALETTE_AGENCY`) ON DELETE CASCADE ON UPDATE CASCADE,
  CONSTRAINT `FK_STOCK_WH_S_VEHICLE_NO` FOREIGN KEY (`S_VEHICLE_NO`) REFERENCES `vehicle_mng` (`VEHICLE_NO`) ON DELETE CASCADE ON UPDATE CASCADE
) ENGINE=InnoDB DEFAULT CHARSET=utf8;

-- 테이블 데이터 javagreen_khv.stock_wh:~0 rows (대략적) 내보내기
DELETE FROM `stock_wh`;
/*!40000 ALTER TABLE `stock_wh` DISABLE KEYS */;
/*!40000 ALTER TABLE `stock_wh` ENABLE KEYS */;

-- 테이블 javagreen_khv.vehicle_mng 구조 내보내기
CREATE TABLE IF NOT EXISTS `vehicle_mng` (
  `IDX` int(8) NOT NULL AUTO_INCREMENT,
  `VEHICLE_NO` varchar(10) NOT NULL,
  `VEHICLE_KIND` varchar(3) NOT NULL,
  `VEHICLE_KIND_NM` varchar(52) DEFAULT NULL,
  `WH_MNG_CD` int(3) NOT NULL,
  `TRANS_CD` varchar(4) DEFAULT NULL,
  `TRANS_NM` varchar(16) DEFAULT NULL,
  `S_DATE` timestamp NULL DEFAULT NULL,
  `F_DATE` timestamp NULL DEFAULT NULL,
  `CREATE_DATE` timestamp NULL DEFAULT NULL,
  `DELETE_DATE` timestamp NULL DEFAULT NULL,
  PRIMARY KEY (`VEHICLE_NO`),
  UNIQUE KEY `IDX` (`IDX`),
  KEY `FK_VEHICLE_MNG_WH_MNG_CD` (`WH_MNG_CD`),
  CONSTRAINT `FK_VEHICLE_MNG_WH_MNG_CD` FOREIGN KEY (`WH_MNG_CD`) REFERENCES `warehouse_part` (`WH_MNG_CD`) ON DELETE CASCADE ON UPDATE CASCADE
) ENGINE=InnoDB DEFAULT CHARSET=utf8;

-- 테이블 데이터 javagreen_khv.vehicle_mng:~0 rows (대략적) 내보내기
DELETE FROM `vehicle_mng`;
/*!40000 ALTER TABLE `vehicle_mng` DISABLE KEYS */;
/*!40000 ALTER TABLE `vehicle_mng` ENABLE KEYS */;

-- 테이블 javagreen_khv.warehouse_part 구조 내보내기
CREATE TABLE IF NOT EXISTS `warehouse_part` (
  `IDX` int(8) NOT NULL AUTO_INCREMENT,
  `WH_MNG_CD` int(3) NOT NULL,
  `WH_CAPACITY_CD` varchar(1) NOT NULL,
  `WH_CAPACITY_NM` varchar(8) NOT NULL,
  `WH_PART_CD` varchar(2) NOT NULL,
  `WH_PART_NM` varchar(16) NOT NULL,
  `CREATE_DATE` timestamp NULL DEFAULT NULL,
  `DELETE_DATE` timestamp NULL DEFAULT NULL,
  PRIMARY KEY (`WH_MNG_CD`),
  UNIQUE KEY `IDX` (`IDX`),
  UNIQUE KEY `WH_CAPACITY_CD` (`WH_CAPACITY_CD`),
  UNIQUE KEY `WH_PART_CD` (`WH_PART_CD`)
) ENGINE=InnoDB DEFAULT CHARSET=utf8;

-- 테이블 데이터 javagreen_khv.warehouse_part:~0 rows (대략적) 내보내기
DELETE FROM `warehouse_part`;
/*!40000 ALTER TABLE `warehouse_part` DISABLE KEYS */;
/*!40000 ALTER TABLE `warehouse_part` ENABLE KEYS */;

/*!40101 SET SQL_MODE=IFNULL(@OLD_SQL_MODE, '') */;
/*!40014 SET FOREIGN_KEY_CHECKS=IF(@OLD_FOREIGN_KEY_CHECKS IS NULL, 1, @OLD_FOREIGN_KEY_CHECKS) */;
/*!40101 SET CHARACTER_SET_CLIENT=@OLD_CHARACTER_SET_CLIENT */;
